{"val/prime_intellect_loss":0.6884816884994507,"train/lr":2.0000779143997587e-06,"val/numina_math_cot_loss":0.7079117894172668,"val/openthoughts_loss":0.7835000157356262,"train/loss":2.1176891773939133,"train/eval_loss":1.8193557262420654,"val/openwebmath_loss":2.5343189239501953,"system/dt":92.15499114990234,"train/grad_norm":0.3754895031452179,"val/cosmo_loss":1.6093019247055054,"val/python_code_loss":0.8391000628471375,"_timestamp":1.7827679308626828e+09,"val/fineweb_replay_loss":3.2137718200683594,"_runtime":62256.058043066,"_step":7740,"_wandb":{"runtime":62256}}